-- TẠO CSDL QUẢN LÝ GIÁO VIÊN THAM GIA ĐỀ TÀI
USE master
GO
IF DB_ID('QLDETAI') IS NOT NULL
	DROP DATABASE QLDETAI
GO
CREATE DATABASE QLDETAI
GO
USE QLDETAI
GO

/* Tạo bảng GIAOVIEN */
CREATE TABLE GIAOVIEN (
	[MAGV] [varchar](3) NOT NULL,
	[HOTEN] [nvarchar](30) NULL,
	[LUONG] [decimal](18, 1) NULL,
	[PHAI] [nchar](3) NULL,
	[NGSINH] [date] NULL,
	[DIACHI] [nvarchar](50) NULL,
	[GVQLCM] [varchar](3) NULL,
	[MABM] [nchar](4) NULL,
	PRIMARY KEY (MAGV)
)

ALTER TABLE GIAOVIEN
ADD CONSTRAINT C_PHAI
CHECK (PHAI IN('Nam', N'Nữ'))

/* Tạo bảng GV_DT */
CREATE TABLE GV_DT (
	[MAGV] [varchar](3) NOT NULL,
	[DIENTHOAI] [varchar](12) NOT NULL,
	PRIMARY KEY (MAGV, DIENTHOAI)
)

/* Tạo bảng NGUOITHAN */
CREATE TABLE NGUOITHAN (
	[MAGV] [varchar](3) NOT NULL,
	[TEN] [nvarchar](20) NOT NULL,
	[NGSINH] [date] NULL,
	[PHAI] [nchar](3) NULL,
	PRIMARY KEY (MAGV, TEN)
)

ALTER TABLE NGUOITHAN
ADD CONSTRAINT K_PHAI
CHECK (PHAI IN('Nam', N'Nữ'))

/* Tạo bảng BOMON */
CREATE TABLE BOMON (
	[MABM] [nchar](4) NOT NULL,
	[TENBM] [nvarchar](50) NULL,
	[PHONG] [char](3) NULL,
	[DIENTHOAI] [varchar](12) NULL,
	[TRUONGBM] [varchar](3) NULL,
	[MAKHOA] [nvarchar](4) NULL,
	[NGAYNHANCHUC] [date] NULL,
	PRIMARY KEY (MABM)
)

/* Tạo bảng KHOA */
CREATE TABLE KHOA (
	[MAKHOA] [nvarchar](4) NOT NULL,
	[TENKHOA] [nvarchar](30) NULL,
	[NAMTL] [int] NULL,
	[PHONG] [char](3) NULL,
	[DIENTHOAI] [varchar](12) NULL,
	[TRUONGKHOA] [varchar](3) NULL,
	[NGAYNHANCHUC] [date] NULL,
	PRIMARY KEY (MAKHOA)
)

/* Tạo bảng CHUDE */
CREATE TABLE CHUDE (
	[MACD] [nchar](4) NOT NULL,
	[TENCD] [nvarchar](50) NULL,
	PRIMARY KEY (MACD)
)
	
/* Tạo bảng DETAI */
CREATE TABLE DETAI (
	[MADT] [varchar](3) NOT NULL,
	[TENDT] [nvarchar](50) NULL,
	[CAPQL] [nvarchar](20) NULL,
	[KINHPHI] [decimal](18, 1) NULL,
	[NGAYBD] [date] NULL,
	[NGAYKT] [date] NULL,
	[MACD] [nchar](4) NULL,
	[GVCNDT] [varchar](3) NULL,
	PRIMARY KEY (MADT)
)

/* Tạo bảng CONGVIEC */
CREATE TABLE CONGVIEC (
	[MADT] [varchar](3) NOT NULL,
	[SOTT] [int] NOT NULL,
	[TENCV] [nvarchar](50) NULL,
	[NGAYBD] [date] NULL,
	[NGAYKT] [date] NULL,
	PRIMARY KEY (MADT, SOTT)
)

/* Tạo bảng THAMGIADT */
CREATE TABLE THAMGIADT (
	[MAGV] [varchar](3) NOT NULL,
	[MADT] [varchar](3) NOT NULL,
	[STT] [int] NOT NULL,
	[PHUCAP] [decimal](18, 1) NULL,
	[KETQUA] [nvarchar](3) NULL,
	PRIMARY KEY (MAGV, MADT, STT)
)

/***********************************************************/
/****** Tạo các khóa ngoại ******/

/* Tạo khóa ngoại NGUOITHAN_GIAOVIEN */
ALTER TABLE NGUOITHAN 
ADD CONSTRAINT FK_NGUOITHAN_GIAOVIEN
FOREIGN KEY (MAGV)
REFERENCES GIAOVIEN(MAGV)

/* Tạo khóa ngoại GV_DT_GIAOVIEN */
ALTER TABLE GV_DT
ADD CONSTRAINT FK_GV_DT_GIAOVIEN
FOREIGN KEY (MAGV)
REFERENCES GIAOVIEN(MAGV)

/* Tạo khóa ngoại THAMGIADT_GIAOVIEN */
ALTER TABLE THAMGIADT
ADD CONSTRAINT FK_THAMGIADT_GIAOVIEN
FOREIGN KEY (MAGV)
REFERENCES GIAOVIEN(MAGV)

/* Tạo khóa ngoại DETAI_GIAOVIEN */
ALTER TABLE DETAI
ADD CONSTRAINT FK_DETAI_GIAOVIEN
FOREIGN KEY (GVCNDT)
REFERENCES GIAOVIEN(MAGV)

/* Tạo khóa ngoại THAMGIADT_CONGVIEC */
ALTER TABLE THAMGIADT
ADD CONSTRAINT FK_THAMGIADT_CONGVIEC
FOREIGN KEY (MADT, STT)
REFERENCES CONGVIEC(MADT, SOTT)

/* Tạo khóa ngoại CONGVIEC_DETAI */
ALTER TABLE CONGVIEC
ADD CONSTRAINT FK_CONGVIEC_DETAI
FOREIGN KEY (MADT)
REFERENCES DETAI(MADT)

/* Tạo khóa ngoại DETAI_CHUDE */
ALTER TABLE DETAI
ADD CONSTRAINT FK_DETAI_CHUDE
FOREIGN KEY (MACD)
REFERENCES CHUDE(MACD)

/* Tạo khóa ngoại BOMON_KHOA */
ALTER TABLE BOMON
ADD CONSTRAINT FK_BOMON_KHOA
FOREIGN KEY (MAKHOA)
REFERENCES KHOA(MAKHOA)

/* Tạo khóa ngoại KHOA_GIAOVIEN */
ALTER TABLE KHOA
ADD CONSTRAINT FK_KHOA_GIAOVIEN
FOREIGN KEY (TRUONGKHOA)
REFERENCES GIAOVIEN(MAGV)

/* Tạo khóa ngoại BOMON_GIAOVIEN */
ALTER TABLE BOMON
ADD CONSTRAINT FK_BOMON_GIAOVIEN
FOREIGN KEY (TRUONGBM)
REFERENCES GIAOVIEN(MAGV)

/* Tạo khóa ngoại GIAOVIEN_BOMON */
ALTER TABLE GIAOVIEN
ADD CONSTRAINT FK_GIAOVIEN_BOMON
FOREIGN KEY (MABM)
REFERENCES BOMON(MABM)

/* Tạo khóa ngoại GIAOVIEN_GIAOVIEN */
ALTER TABLE GIAOVIEN
ADD CONSTRAINT FK_GIAOVIEN_GIAOVIEN
FOREIGN KEY (GVQLCM)
REFERENCES GIAOVIEN(MAGV)

/* NHẬP LIỆU QUẢN LÝ GIÁO VIÊN THAM GIA ĐỀ TÀI */
GO
/* Insert dữ liệu vào bảng CHHUDE */
INSERT CHUDE (MACD, TENCD) VALUES (N'NCPT', N'Nghiên cứu phát triển')
INSERT CHUDE (MACD, TENCD) VALUES (N'QLGD', N'Quản lý giáo dục')
INSERT CHUDE (MACD, TENCD) VALUES (N'ƯDCN', N'Ứng dụng công nghệ')

/* Insert dữ liệu vào bảng KHOA */
INSERT KHOA (MAKHOA, TENKHOA, NAMTL, PHONG, DIENTHOAI, TRUONGKHOA, NGAYNHANCHUC) VALUES (N'CNTT', N'Công nghệ thông tin', 1995, 'B11', '0838123456', NULL, NULL)
INSERT KHOA (MAKHOA, TENKHOA, NAMTL, PHONG, DIENTHOAI, TRUONGKHOA, NGAYNHANCHUC) VALUES (N'HH', N'Hóa học', 1980, 'B41', '0838456456', NULL, NULL)
INSERT KHOA (MAKHOA, TENKHOA, NAMTL, PHONG, DIENTHOAI, TRUONGKHOA, NGAYNHANCHUC) VALUES (N'SH', N'Sinh học', 1980, 'B31', '0838454545', NULL, NULL)
INSERT KHOA (MAKHOA, TENKHOA, NAMTL, PHONG, DIENTHOAI, TRUONGKHOA, NGAYNHANCHUC) VALUES (N'VL', N'Vật lý', 1976, 'B21', '0838223223', NULL, NULL)

/* Insert dữ liệu vào bảng BOMON */
INSERT BOMON (MABM, TENBM, PHONG, DIENTHOAI, TRUONGBM, MAKHOA, NGAYNHANCHUC) VALUES (N'CNTT', N'Công nghệ tri thức', 'B15', '0838126126', NULL, N'CNTT', NULL)
INSERT BOMON (MABM, TENBM, PHONG, DIENTHOAI, TRUONGBM, MAKHOA, NGAYNHANCHUC) VALUES (N'HHC ', N'Hóa hữu cơ', 'B44', '838222222', NULL, N'HH', NULL)
INSERT BOMON (MABM, TENBM, PHONG, DIENTHOAI, TRUONGBM, MAKHOA, NGAYNHANCHUC) VALUES (N'HL  ', N'Hóa lý', 'B42', '0838878787', NULL, N'HH', NULL)
INSERT BOMON (MABM, TENBM, PHONG, DIENTHOAI, TRUONGBM, MAKHOA, NGAYNHANCHUC) VALUES (N'HPT ', N'Hóa phân tích', 'B43', '0838777777', NULL, N'HH', NULL)
INSERT BOMON (MABM, TENBM, PHONG, DIENTHOAI, TRUONGBM, MAKHOA, NGAYNHANCHUC) VALUES (N'HTTT', N'Hệ thống thông tin', 'B13', '0838125125', NULL, N'CNTT', NULL)
INSERT BOMON (MABM, TENBM, PHONG, DIENTHOAI, TRUONGBM, MAKHOA, NGAYNHANCHUC) VALUES (N'MMT ', N'Mạng máy tính', 'B16', '0838676767', NULL, N'CNTT', NULL)
INSERT BOMON (MABM, TENBM, PHONG, DIENTHOAI, TRUONGBM, MAKHOA, NGAYNHANCHUC) VALUES (N'SH  ', N'Sinh hóa', 'B33', '0838898989', NULL, N'SH', NULL)
INSERT BOMON (MABM, TENBM, PHONG, DIENTHOAI, TRUONGBM, MAKHOA, NGAYNHANCHUC) VALUES (N'VLĐT', N'Vật lý điện tử', 'B23', '0838234234', NULL, N'VL', NULL)
INSERT BOMON (MABM, TENBM, PHONG, DIENTHOAI, TRUONGBM, MAKHOA, NGAYNHANCHUC) VALUES (N'VLƯD', N'Vật lý ứng dụng', 'B24', '0838454545', NULL, N'VL', NULL)
INSERT BOMON (MABM, TENBM, PHONG, DIENTHOAI, TRUONGBM, MAKHOA, NGAYNHANCHUC) VALUES (N'VS  ', N'Vi sinh', 'B32', '0838909090', NULL, N'SH', NULL)

/* Insert dữ liệu vào bảng GIAOVIEN */
INSERT GIAOVIEN (MAGV, HOTEN, LUONG, PHAI, NGSINH, DIACHI, GVQLCM, MABM) VALUES ('001', N'Nguyễn Hoài An', 2000.0, 'Nam', '02/15/1973', N'25/3 Lạc Long Quân, Q.10, TP HCM', NULL, N'MMT ')
INSERT GIAOVIEN (MAGV, HOTEN, LUONG, PHAI, NGSINH, DIACHI, GVQLCM, MABM) VALUES ('002', N'Trần Trà Hương', 2500.0, N'Nữ ', '06/20/1960', N'125 Trần Hưng Đạo, Q.1, TP HCM', NULL, N'HTTT')
INSERT GIAOVIEN (MAGV, HOTEN, LUONG, PHAI, NGSINH, DIACHI, GVQLCM, MABM) VALUES ('003', N'Nguyễn Ngọc Ánh', 2200.0, N'Nữ ', '05/11/1975', N'12/21 Võ Văn Ngân, Thủ Đức, TP HCM', '002', N'HTTT')
INSERT GIAOVIEN (MAGV, HOTEN, LUONG, PHAI, NGSINH, DIACHI, GVQLCM, MABM) VALUES ('004', N'Trương Nam Sơn', 2300.0, 'Nam', '06/20/1959', N'215 Lý Thường Kiệt, TP Biên Hòa', NULL, N'VS  ')
INSERT GIAOVIEN (MAGV, HOTEN, LUONG, PHAI, NGSINH, DIACHI, GVQLCM, MABM) VALUES ('005', N'Lý Hoàng Hà', 2500.0, 'Nam', '10/23/1954', N'22/5 Nguyễn Xí, Q.Bình Thạnh, TP HCM', NULL, N'VLĐT')
INSERT GIAOVIEN (MAGV, HOTEN, LUONG, PHAI, NGSINH, DIACHI, GVQLCM, MABM) VALUES ('006', N'Trần Bạch Tuyết', 1500.0, N'Nữ ', '05/20/1980', N'127 Hùng Vương, TP Mỹ Tho', '004', N'VS  ')
INSERT GIAOVIEN (MAGV, HOTEN, LUONG, PHAI, NGSINH, DIACHI, GVQLCM, MABM) VALUES ('007', N'Nguyễn An Trung', 2100.0, 'Nam', '06/05/1976', N'234 3/2, TP Biên Hòa', NULL, N'HPT ')
INSERT GIAOVIEN (MAGV, HOTEN, LUONG, PHAI, NGSINH, DIACHI, GVQLCM, MABM) VALUES ('008', N'Trần Trung Hiếu', 1800.0, 'Nam', '08/06/1977', N'22/11 Lý Thường Kiệt, TP Mỹ Tho', '007', N'HPT ')
INSERT GIAOVIEN (MAGV, HOTEN, LUONG, PHAI, NGSINH, DIACHI, GVQLCM, MABM) VALUES ('009', N'Trần Hoàng Nam', 2000.0, 'Nam', '11/22/1975', N'234 Trần Não, An Phú, TP HCM', '001', N'MMT ')
INSERT GIAOVIEN (MAGV, HOTEN, LUONG, PHAI, NGSINH, DIACHI, GVQLCM, MABM) VALUES ('010', N'Phạm Nam Thanh', 1500.0, 'Nam', '12/12/1980', N'221 Hùng Vương, Q.5, TP HCM', '007', N'HPT ')

/* Set TRUONGKHOA cho bảng KHOA */
/* CNTT */
UPDATE KHOA
SET TRUONGKHOA = '002', NGAYNHANCHUC = '02/20/2005'
WHERE MAKHOA = N'CNTT'
/* HH */
UPDATE KHOA
SET TRUONGKHOA = '007', NGAYNHANCHUC = '10/15/2001'
WHERE MAKHOA = N'HH'
/* SH */
UPDATE KHOA
SET TRUONGKHOA = '004', NGAYNHANCHUC = '10/11/2000'
WHERE MAKHOA = N'SH'
/* VL */
UPDATE KHOA
SET TRUONGKHOA = '005', NGAYNHANCHUC = '09/18/2003'
WHERE MAKHOA = N'VL'

/* Set TRUONGBM cho bảng BOMON */
/* HPT */
UPDATE BOMON
SET TRUONGBM = '007', NGAYNHANCHUC = '10/15/2007'
WHERE MABM = N'HPT'
/* HTTT */
UPDATE BOMON
SET TRUONGBM = '002', NGAYNHANCHUC = '09/20/2004'
WHERE MABM = N'HTTT'
/* MMT */
UPDATE BOMON
SET TRUONGBM = '001', NGAYNHANCHUC = '05/15/2005'
WHERE MABM = N'MMT'
/* VLƯD */
UPDATE BOMON
SET TRUONGBM = '005', NGAYNHANCHUC = '02/18/2006'
WHERE MABM = N'VLƯD'
/* VS */
UPDATE BOMON
SET TRUONGBM = '004', NGAYNHANCHUC = '01/01/2007'
WHERE MABM = N'VS'

/* Insert dữ liệu vào bảng NGUOITHAN */
INSERT NGUOITHAN (MAGV, TEN, NGSINH, PHAI) VALUES ('001', N'Hùng', '01/14/1990', 'Nam')
INSERT NGUOITHAN (MAGV, TEN, NGSINH, PHAI) VALUES ('001', N'Thủy', '12/08/1994', N'Nữ ')
INSERT NGUOITHAN (MAGV, TEN, NGSINH, PHAI) VALUES ('003', N'Hà', '09/03/1998', N'Nữ ')
INSERT NGUOITHAN (MAGV, TEN, NGSINH, PHAI) VALUES ('003', N'Thu', '09/03/1998', N'Nữ ')
INSERT NGUOITHAN (MAGV, TEN, NGSINH, PHAI) VALUES ('007', N'Mai', '03/26/2003', N'Nữ ')
INSERT NGUOITHAN (MAGV, TEN, NGSINH, PHAI) VALUES ('007', N'Vy', '02/14/2000', N'Nữ ')
INSERT NGUOITHAN (MAGV, TEN, NGSINH, PHAI) VALUES ('008', N'Nam', '05/06/1991', 'Nam')
INSERT NGUOITHAN (MAGV, TEN, NGSINH, PHAI) VALUES ('009', N'An', '08/19/1996', 'Nam')
INSERT NGUOITHAN (MAGV, TEN, NGSINH, PHAI) VALUES ('010', N'Nguyệt', '01/14/2006', N'Nữ ')

/* Insert dữ liệu vào bảng DIENTHOAI */
INSERT GV_DT (MAGV, DIENTHOAI) VALUES ('001', '0838912112')
INSERT GV_DT (MAGV, DIENTHOAI) VALUES ('001', '0903123123')
INSERT GV_DT (MAGV, DIENTHOAI) VALUES ('002', '0913454545')
INSERT GV_DT (MAGV, DIENTHOAI) VALUES ('003', '0838121212')
INSERT GV_DT (MAGV, DIENTHOAI) VALUES ('003', '0903656565')
INSERT GV_DT (MAGV, DIENTHOAI) VALUES ('003', '0937125125')
INSERT GV_DT (MAGV, DIENTHOAI) VALUES ('006', '0937888888')
INSERT GV_DT (MAGV, DIENTHOAI) VALUES ('008', '0653717171')
INSERT GV_DT (MAGV, DIENTHOAI) VALUES ('008', '0913232323')

/* Insert dữ liệu vào bảng DETAI */
INSERT DETAI (MADT, TENDT, CAPQL, KINHPHI, NGAYBD, NGAYKT, MACD, GVCNDT) VALUES ('001', N'HTTT quản lý các trường ĐH', N'ĐHQG', 20.0, '10/20/2007', '10/20/2008', N'QLGD', '002')
INSERT DETAI (MADT, TENDT, CAPQL, KINHPHI, NGAYBD, NGAYKT, MACD, GVCNDT) VALUES ('002', N'HTTT quản lý giáo vụ cho một Khoa', N'Trường', 20.0, '10/12/2000', '10/12/2001', N'QLGD', '002')
INSERT DETAI (MADT, TENDT, CAPQL, KINHPHI, NGAYBD, NGAYKT, MACD, GVCNDT) VALUES ('003', N'Nghiên cứu chế tạo sợi Nanô Platin', N'ĐHQG', 300.0, '05/15/2008', '05/15/2010', N'NCPT', '005')
INSERT DETAI (MADT, TENDT, CAPQL, KINHPHI, NGAYBD, NGAYKT, MACD, GVCNDT) VALUES ('004', N'Tạo vật liệu sinh học bằng màng ối người', N'Nhà nước', 100.0, '01/01/2007', '12/31/2009', N'NCPT', '004')
INSERT DETAI (MADT, TENDT, CAPQL, KINHPHI, NGAYBD, NGAYKT, MACD, GVCNDT) VALUES ('005', N'Ứng dụng hóa học xanh', N'Trường', 200.0, '10/10/2003', '12/10/2004', N'ƯDCN', '007')
INSERT DETAI (MADT, TENDT, CAPQL, KINHPHI, NGAYBD, NGAYKT, MACD, GVCNDT) VALUES ('006', N'Nghiên cứu tế bào gốc', N'Nhà nước', 4000.0, '10/20/2006', '10/20/2009', N'NCPT', '004')
INSERT DETAI (MADT, TENDT, CAPQL, KINHPHI, NGAYBD, NGAYKT, MACD, GVCNDT) VALUES ('007', N'HTTT quản lý thư viện ở các trường ĐH', N'Trường', 20.0, '05/10/2009', '05/10/2010',N'QLGD', '001')

/* Insert dữ liệu vào bảng CONGVIEC */
INSERT CONGVIEC (MADT, SOTT, TENCV, NGAYBD, NGAYKT) VALUES ('001', 1, N'Khởi tạo và Lập kế hoạch', '10/20/2007', '12/20/2008')
INSERT CONGVIEC (MADT, SOTT, TENCV, NGAYBD, NGAYKT) VALUES ('001', 2, N'Xác định yêu cầu', '12/21/2008', '03/21/2008')
INSERT CONGVIEC (MADT, SOTT, TENCV, NGAYBD, NGAYKT) VALUES ('001', 3, N'Phân tích hệ thống', '03/22/2008', '05/22/2008')
INSERT CONGVIEC (MADT, SOTT, TENCV, NGAYBD, NGAYKT) VALUES ('001', 4, N'Thiết kế hệ thống', '05/23/2008', '06/23/2008')
INSERT CONGVIEC (MADT, SOTT, TENCV, NGAYBD, NGAYKT) VALUES ('001', 5, N'Cài đặt thử nghiệm', '06/24/2008', '10/20/2008')
INSERT CONGVIEC (MADT, SOTT, TENCV, NGAYBD, NGAYKT) VALUES ('002', 1, N'Khởi tạo và Lập kế hoạch', '05/10/2009', '07/10/2009')
INSERT CONGVIEC (MADT, SOTT, TENCV, NGAYBD, NGAYKT) VALUES ('002', 2, N'Xác định yêu cầu', '07/11/2009', '10/11/2009')
INSERT CONGVIEC (MADT, SOTT, TENCV, NGAYBD, NGAYKT) VALUES ('002', 3, N'Phân tích hệ thống', '10/12/2009', '12/20/2009')
INSERT CONGVIEC (MADT, SOTT, TENCV, NGAYBD, NGAYKT) VALUES ('002', 4, N'Thiết kế hệ thống', '12/21/2009', '03/22/2010')
INSERT CONGVIEC (MADT, SOTT, TENCV, NGAYBD, NGAYKT) VALUES ('002', 5, N'Cài đặt thử nghiệm', '03/23/2010', '05/10/2010')
INSERT CONGVIEC (MADT, SOTT, TENCV, NGAYBD, NGAYKT) VALUES ('006', 1, N'Lấy mẫu', '10/20/2006', '02/20/2007')
INSERT CONGVIEC (MADT, SOTT, TENCV, NGAYBD, NGAYKT) VALUES ('006', 2, N'Nuôi cấy', '02/21/2007', '08/21/2008')

/* Insert dữ liệu vào bảng THAMGIADT */
INSERT THAMGIADT (MAGV, MADT, STT, PHUCAP, KETQUA) VALUES ('001', '002', 1, 0.0, NULL)
INSERT THAMGIADT (MAGV, MADT, STT, PHUCAP, KETQUA) VALUES ('001', '002', 2, 2.0, NULL)
INSERT THAMGIADT (MAGV, MADT, STT, PHUCAP, KETQUA) VALUES ('002', '001', 4, 2.0, N'Đạt')
INSERT THAMGIADT (MAGV, MADT, STT, PHUCAP, KETQUA) VALUES ('003', '001', 1, 1.0, N'Đạt')
INSERT THAMGIADT (MAGV, MADT, STT, PHUCAP, KETQUA) VALUES ('003', '001', 2, 0.0, N'Đạt')
INSERT THAMGIADT (MAGV, MADT, STT, PHUCAP, KETQUA) VALUES ('003', '001', 4, 1.0, N'Đạt')
INSERT THAMGIADT (MAGV, MADT, STT, PHUCAP, KETQUA) VALUES ('003', '002', 2, 0.0, NULL)
INSERT THAMGIADT (MAGV, MADT, STT, PHUCAP, KETQUA) VALUES ('004', '006', 1, 0.0, N'Đạt')
INSERT THAMGIADT (MAGV, MADT, STT, PHUCAP, KETQUA) VALUES ('004', '006', 2, 1.0, N'Đạt')
INSERT THAMGIADT (MAGV, MADT, STT, PHUCAP, KETQUA) VALUES ('006', '006', 2, 1.5, N'Đạt')
INSERT THAMGIADT (MAGV, MADT, STT, PHUCAP, KETQUA) VALUES ('009', '002', 3, 0.5, NULL)
INSERT THAMGIADT (MAGV, MADT, STT, PHUCAP, KETQUA) VALUES ('009', '002', 4, 1.5, NULL)

SELECT * FROM GIAOVIEN
SELECT * FROM BOMON
SELECT * FROM KHOA
SELECT * FROM THAMGIADT
SELECT * FROM CONGVIEC
SELECT * FROM DETAI
SELECT * FROM NGUOITHAN
SELECT * FROM CHUDE
SELECT * FROM GV_DT